{
    "materials":[{
        "DbgColor":15658734,
        "colorEmissive":[0,0,0],
        "opacity":1,
        "DbgIndex":0,
        "specularCoef":50,
        "colorDiffuse":[0.64,0.64,0.64],
        "visible":true,
        "doubleSided":true,
        "DbgName":"Material",
        "transparent":false,
        "blending":"NormalBlending",
        "depthTest":true,
        "depthWrite":true,
        "wireframe":false,
        "shading":"phong",
        "colorSpecular":[0.5,0.5,0.5]
    }],
    "normals":[-0,1,0,0,-1,0,-1,0,6.9747e-05,-0,0,1,1,3.00221e-07,-3.02237e-05,-4.92273e-08,-1.39059e-07,-1,0,-1,0,0,-2.78117e-07,-1,-1,-3.7877e-07,4.8823e-05,0,2.52517e-07,1,1,3.78767e-07,-3.48735e-05,0,0,-1,-1,-4.41901e-07,3.37111e-05,-4.92273e-08,-1.26259e-07,-1,-0,-1,0,-1,2.58638e-12,1.85992e-05,1,4.17176e-07,-3.48735e-05,0,1,0,1,3.15641e-07,-4.30108e-05],
    "faces":[35,8,9,2,3,0,0,0,0,0,35,10,7,6,11,0,1,1,1,1,35,16,4,5,17,0,2,2,2,2,35,20,11,6,18,0,3,3,3,3,35,18,6,7,19,0,4,4,4,4,35,30,8,3,29,0,5,5,5,5,35,12,13,9,8,0,0,0,0,0,35,14,10,11,15,0,6,6,6,6,35,22,15,11,20,0,3,3,3,3,35,31,12,8,30,0,7,7,7,7,35,0,1,13,12,0,0,0,0,0,35,4,14,15,5,0,1,1,1,1,35,17,5,15,22,0,3,3,3,3,35,26,0,12,31,0,7,7,7,7,35,26,16,17,27,0,8,8,8,8,35,24,20,18,28,0,9,9,9,9,35,28,18,19,29,0,10,10,10,10,35,10,21,19,7,0,11,11,11,11,35,20,24,30,21,0,12,12,12,12,35,14,23,21,10,0,11,11,11,11,35,27,17,22,25,0,9,9,9,9,35,4,16,23,14,0,11,11,11,11,35,21,30,29,19,0,13,13,13,13,35,30,24,25,31,0,14,14,14,14,35,16,26,31,23,0,11,11,11,11,35,0,26,27,1,0,15,15,15,15,35,9,24,28,2,0,3,3,3,3,35,2,28,29,3,0,16,16,16,16,35,13,25,24,9,0,3,3,3,3,35,1,27,25,13,0,3,3,3,3,35,20,21,23,22,0,17,17,17,17,35,22,23,31,25,0,18,18,18,18],
    "vertices":[7.66947,-0.151067,-5.83067,7.66947,-0.151067,-5.93322,-6.61453,-0.151067,-5.93322,-6.61453,-0.151067,-5.83067,7.66947,4.24593,-5.83067,7.66946,4.24593,-5.93322,-6.61453,4.24593,-5.93322,-6.61453,4.24593,-5.83067,-1.77131,-0.151067,-5.83067,-1.77131,-0.151067,-5.93322,-1.77131,4.24593,-5.83067,-1.77132,4.24593,-5.93322,1.52422,-0.151067,-5.83067,1.52421,-0.151067,-5.93322,1.52422,4.24593,-5.83067,1.52421,4.24593,-5.93322,7.66947,3.45179,-5.83067,7.66947,3.45179,-5.93322,-6.61453,3.45179,-5.93322,-6.61453,3.45179,-5.83067,-1.77131,3.45179,-5.93322,-1.77131,3.45179,-5.83067,1.52421,3.45179,-5.93322,1.52422,3.45179,-5.83067,-1.77131,1.56345,-5.93322,1.52421,1.56345,-5.93322,7.66947,1.56345,-5.83067,7.66947,1.56345,-5.93322,-6.61453,1.56345,-5.93322,-6.61453,1.56345,-5.83067,-1.77131,1.56345,-5.83067,1.52422,1.56345,-5.83067],
    "uvs":[],
    "metadata":{
        "generator":"io_three",
        "materials":1,
        "normals":19,
        "version":3,
        "type":"Geometry",
        "faces":32,
        "vertices":32,
        "uvs":0
    }
}