{
    "vertices":[6.39873,-0.00234008,7.02689,-6.35667,-0.00234008,7.02689,6.39873,-0.00234079,-7.02204,-6.35667,-0.00234079,-7.02204,6.29062,-0.0878532,-6.87172,6.29062,-0.0878532,-7.03519,-6.15809,-0.0878532,-7.03519,-6.15809,-0.0878532,-6.87172,6.29062,2.85873,-6.87172,6.29062,2.85873,-7.03519,-6.15809,2.85873,-7.03519,-6.15809,2.85873,-6.87172,-6.18162,-0.0878525,7.07532,-6.03778,-0.0878525,7.07532,-6.03778,-0.0878532,-7.07224,-6.18163,-0.0878532,-7.07224,-6.18162,2.85873,7.07532,-6.03778,2.85873,7.07531,-6.03778,2.85873,-7.07224,-6.18163,2.85873,-7.07224,6.29062,-0.0878525,7.07527,6.29062,-0.0878525,6.91179,-6.15809,-0.0878525,6.91179,-6.15809,-0.0878525,7.07527,6.29062,2.85873,7.07527,6.29062,2.85873,6.91179,-6.15809,2.85873,6.91179,-6.15809,2.85873,7.07527,6.12536,-0.0878526,7.07532,6.2692,-0.0878526,7.07532,6.2692,-0.0878533,-7.07224,6.12536,-0.0878533,-7.07224,6.12536,2.85873,7.07532,6.2692,2.85873,7.07531,6.2692,2.85873,-7.07224,6.12536,2.85873,-7.07224,6.34405,2.65894,7.06304,6.34405,2.89683,7.06304,6.34405,2.89683,-7.08452,6.34405,2.65894,-7.08452,-6.1995,2.65894,7.06304,-6.1995,2.89683,7.06303,-6.1995,2.89683,-7.08452,-6.1995,2.65894,-7.08452],
    "animations":[],
    "uvs":[],
    "normals":[-2.53766e-15,1,-5.09117e-08,-0,1,0,0,-1,0,-1,-1.61827e-07,2.04183e-05,-0,0,1,1,3.23654e-07,-1.75014e-05,0,0,-1,-6.70377e-13,1,-5.05568e-08,2.01113e-12,-1,5.05568e-08,-2.65197e-05,-1.61827e-07,-1,-1,1.30904e-13,1.34818e-07,2.15473e-05,7.28223e-07,1,1,2.18173e-14,-1.34818e-07,-1,-1.61827e-07,2.04184e-05,1,6.47309e-07,-1.16676e-05,-3.83041e-08,0,-1,1.22903e-12,-1,3.37046e-08,-2.81772e-05,-2.42741e-07,-1,-1,7.63604e-14,6.74091e-08,2.15473e-05,5.66395e-07,1,1,2.18173e-14,-6.74091e-08,-1,3.0066e-06,-5.05572e-08,1,-4.0088e-06,5.4046e-13,9.5035e-08,-1.70374e-05,-1,-6.65254e-08,-1,1.26392e-07,-1.90072e-07,1.40308e-05,1,6.65254e-08,1,-1.26392e-07],
    "faces":[35,1,0,2,3,0,0,0,0,0,35,4,5,6,7,1,1,1,1,1,35,8,11,10,9,1,2,2,2,2,35,4,8,9,5,1,3,3,3,3,35,5,9,10,6,1,4,4,4,4,35,6,10,11,7,1,5,5,5,5,35,8,4,7,11,1,6,6,6,6,35,12,13,14,15,2,7,7,7,7,35,16,19,18,17,2,8,8,8,8,35,12,16,17,13,2,9,9,9,9,35,13,17,18,14,2,10,10,10,10,35,14,18,19,15,2,11,11,11,11,35,16,12,15,19,2,12,12,12,12,35,20,21,22,23,3,1,1,1,1,35,24,27,26,25,3,2,2,2,2,35,20,24,25,21,3,13,13,13,13,35,21,25,26,22,3,4,4,4,4,35,22,26,27,23,3,14,14,14,14,35,24,20,23,27,3,15,15,15,15,35,28,29,30,31,4,7,7,7,7,35,32,35,34,33,4,16,16,16,16,35,28,32,33,29,4,17,17,17,17,35,29,33,34,30,4,18,18,18,18,35,30,34,35,31,4,19,19,19,19,35,32,28,31,35,4,20,20,20,20,35,36,37,38,39,5,21,21,21,21,35,40,43,42,41,5,22,22,22,22,35,36,40,41,37,5,23,23,23,23,35,37,41,42,38,5,24,24,24,24,35,38,42,43,39,5,25,25,25,25,35,40,36,39,43,5,26,26,26,26],
    "materials":[{
        "blending":"NormalBlending",
        "DbgName":"Material.005",
        "wireframe":false,
        "colorDiffuse":[0.0248,0.0248,0.0248],
        "depthTest":true,
        "transparent":false,
        "DbgIndex":5,
        "opacity":1,
        "depthWrite":true,
        "visible":true,
        "DbgColor":61166,
        "colorEmissive":[0,0,0],
        "doubleSided":true,
        "shading":"lambert"
    },{
        "blending":"NormalBlending",
        "DbgName":"Material",
        "wireframe":false,
        "colorDiffuse":[0.0248,0.0248,0.0248],
        "depthTest":true,
        "transparent":false,
        "DbgIndex":1,
        "opacity":1,
        "depthWrite":true,
        "visible":true,
        "DbgColor":15597568,
        "colorEmissive":[0,0,0],
        "doubleSided":true,
        "shading":"lambert"
    },{
        "blending":"NormalBlending",
        "DbgName":"Material.001",
        "wireframe":false,
        "colorDiffuse":[0.0248,0.0248,0.0248],
        "depthTest":true,
        "transparent":false,
        "DbgIndex":2,
        "opacity":1,
        "depthWrite":true,
        "visible":true,
        "DbgColor":60928,
        "colorEmissive":[0,0,0],
        "doubleSided":true,
        "shading":"lambert"
    },{
        "blending":"NormalBlending",
        "DbgName":"Material.002",
        "wireframe":false,
        "colorDiffuse":[0.0248,0.0248,0.0248],
        "depthTest":true,
        "transparent":false,
        "DbgIndex":3,
        "opacity":1,
        "depthWrite":true,
        "visible":true,
        "DbgColor":238,
        "colorEmissive":[0,0,0],
        "doubleSided":true,
        "shading":"lambert"
    },{
        "blending":"NormalBlending",
        "DbgName":"Material.003",
        "wireframe":false,
        "colorDiffuse":[0.0248506,0.0248506,0.0248506],
        "depthTest":true,
        "transparent":false,
        "DbgIndex":0,
        "opacity":1,
        "depthWrite":true,
        "visible":true,
        "DbgColor":15658734,
        "colorEmissive":[0,0,0],
        "doubleSided":true,
        "shading":"lambert"
    },{
        "blending":"NormalBlending",
        "DbgName":"Material.004",
        "wireframe":false,
        "colorDiffuse":[0.0248,0.0248,0.0248],
        "depthTest":true,
        "transparent":false,
        "DbgIndex":4,
        "opacity":1,
        "depthWrite":true,
        "visible":true,
        "DbgColor":15658496,
        "colorEmissive":[0,0,0],
        "doubleSided":true,
        "shading":"lambert"
    }],
    "metadata":{
        "vertices":44,
        "normals":27,
        "type":"Geometry",
        "materials":6,
        "generator":"io_three",
        "uvs":0,
        "version":3,
        "faces":31
    }
}