{
    "data":{
        "attributes":{
            "position":{
                "itemSize":3,
                "array":[-1.77131,-0.151067,-5.83067,-1.77131,-0.151067,-5.93322,-6.61453,-0.151067,-5.93322,-1.77131,4.24593,-5.83067,-6.61453,4.24593,-5.83067,-6.61453,4.24593,-5.93322,7.66947,3.45179,-5.83067,7.66947,4.24593,-5.83067,7.66946,4.24593,-5.93322,-1.77131,3.45179,-5.93322,-1.77132,4.24593,-5.93322,-6.61453,4.24593,-5.93322,-6.61453,3.45179,-5.93322,-6.61453,4.24593,-5.93322,-6.61453,4.24593,-5.83067,-1.77131,1.56345,-5.83067,-1.77131,-0.151067,-5.83067,-6.61453,-0.151067,-5.83067,1.52422,-0.151067,-5.83067,1.52421,-0.151067,-5.93322,1.52422,4.24593,-5.83067,-1.77132,4.24593,-5.93322,1.52421,3.45179,-5.93322,1.52421,4.24593,-5.93322,1.52422,1.56345,-5.83067,1.52422,-0.151067,-5.83067,-1.77131,-0.151067,-5.83067,7.66947,-0.151067,-5.83067,7.66947,-0.151067,-5.93322,7.66947,4.24593,-5.83067,1.52421,4.24593,-5.93322,7.66947,3.45179,-5.93322,7.66946,4.24593,-5.93322,7.66947,1.56345,-5.83067,7.66947,-0.151067,-5.83067,7.66947,1.56345,-5.83067,7.66947,3.45179,-5.83067,7.66947,3.45179,-5.93322,-1.77131,1.56345,-5.93322,-1.77131,3.45179,-5.93322,-6.61453,3.45179,-5.93322,-6.61453,1.56345,-5.93322,-6.61453,3.45179,-5.93322,-6.61453,3.45179,-5.83067,-1.77131,4.24593,-5.83067,-1.77131,3.45179,-5.83067,-6.61453,3.45179,-5.83067,-1.77131,3.45179,-5.93322,-1.77131,1.56345,-5.93322,-1.77131,1.56345,-5.83067,1.52422,4.24593,-5.83067,1.52422,3.45179,-5.83067,7.66947,1.56345,-5.93322,7.66947,3.45179,-5.93322,1.52421,3.45179,-5.93322,7.66947,4.24593,-5.83067,7.66947,3.45179,-5.83067,-1.77131,3.45179,-5.83067,-1.77131,1.56345,-5.83067,-6.61453,1.56345,-5.83067,-1.77131,1.56345,-5.83067,-1.77131,1.56345,-5.93322,1.52421,1.56345,-5.93322,7.66947,1.56345,-5.83067,1.52422,1.56345,-5.83067,7.66947,-0.151067,-5.83067,7.66947,1.56345,-5.83067,7.66947,1.56345,-5.93322,-1.77131,-0.151067,-5.93322,-1.77131,1.56345,-5.93322,-6.61453,1.56345,-5.93322,-6.61453,-0.151067,-5.93322,-6.61453,1.56345,-5.93322,-6.61453,1.56345,-5.83067,1.52421,-0.151067,-5.93322,1.52421,1.56345,-5.93322,7.66947,-0.151067,-5.93322,7.66947,1.56345,-5.93322,-1.77131,3.45179,-5.93322,-1.77131,3.45179,-5.83067,1.52422,3.45179,-5.83067,1.52421,3.45179,-5.93322,1.52422,3.45179,-5.83067,1.52422,1.56345,-5.83067,-6.61453,-0.151067,-5.83067,7.66947,3.45179,-5.93322,7.66947,3.45179,-5.83067,7.66946,4.24593,-5.93322,-6.61453,3.45179,-5.93322,-6.61453,3.45179,-5.83067,-6.61453,3.45179,-5.93322,-6.61453,4.24593,-5.83067,-6.61453,1.56345,-5.83067,-1.77131,1.56345,-5.83067,-6.61453,-0.151067,-5.83067,-1.77131,1.56345,-5.83067,1.52422,1.56345,-5.83067,-1.77131,-0.151067,-5.83067,7.66946,4.24593,-5.93322,7.66947,1.56345,-5.83067,1.52422,-0.151067,-5.83067,7.66947,1.56345,-5.93322,7.66947,1.56345,-5.83067,7.66947,3.45179,-5.93322,-6.61453,1.56345,-5.93322,-6.61453,1.56345,-5.83067,-6.61453,1.56345,-5.93322,-6.61453,3.45179,-5.83067,-6.61453,4.24593,-5.83067,-1.77131,3.45179,-5.83067,-1.77131,3.45179,-5.93322,-1.77131,1.56345,-5.83067,1.52421,1.56345,-5.93322,-6.61453,3.45179,-5.83067,-1.77131,3.45179,-5.83067,-6.61453,1.56345,-5.83067,1.52422,1.56345,-5.83067,7.66947,-0.151067,-5.93322,7.66947,-0.151067,-5.83067,7.66947,1.56345,-5.93322,-6.61453,-0.151067,-5.93322,-6.61453,-0.151067,-5.83067,-6.61453,-0.151067,-5.93322,-6.61453,1.56345,-5.83067,1.52421,3.45179,-5.93322,1.52421,1.56345,-5.93322,1.52421,3.45179,-5.93322,1.52422,1.56345,-5.83067],
                "type":"Float32Array"
            },
            "normal":{
                "itemSize":3,
                "array":[0,1,0,0,1,0,0,1,0,0,-1,0,0,-1,0,0,-1,0,-1,1.20088e-06,7.90466e-05,-1,1.20088e-06,7.90466e-05,-1,1.20088e-06,7.90466e-05,-0,0,1,-0,0,1,-0,0,1,1,0,-2.78988e-05,1,0,-2.78988e-05,1,0,-2.78988e-05,0,-2.78117e-07,-1,0,-2.78117e-07,-1,0,-2.78117e-07,-1,0,1,0,0,1,0,0,-1,0,0,-1,0,-0,0,1,-0,0,1,0,-2.78117e-07,-1,0,-2.78117e-07,-1,0,-2.78117e-07,-1,0,1,0,0,1,0,0,-1,0,0,-1,0,-0,0,1,-0,0,1,0,-2.78117e-07,-1,0,-2.78117e-07,-1,-1,2.52517e-07,6.04474e-05,-1,2.52517e-07,6.04474e-05,-1,2.52517e-07,6.04474e-05,-0,2.52517e-07,1,-0,2.52517e-07,1,-0,2.52517e-07,1,1,2.52509e-07,-3.25486e-05,1,2.52509e-07,-3.25486e-05,1,2.52509e-07,-3.25486e-05,0,0,-1,0,0,-1,0,0,-1,-1,-7.57545e-07,2.78989e-05,-1,-7.57545e-07,2.78989e-05,-1,-7.57545e-07,2.78989e-05,0,0,-1,0,0,-1,-0,2.52517e-07,1,-0,2.52517e-07,1,-0,2.52517e-07,1,0,0,-1,0,0,-1,-9.84546e-08,-1.24307e-14,-1,-9.84546e-08,-1.24307e-14,-1,-9.84546e-08,-1.24307e-14,-1,0,-1,0,0,-1,0,0,-1,0,0,0,-1,0,0,-1,-1,1.11248e-06,3.71986e-05,-1,1.11248e-06,3.71986e-05,-1,1.11248e-06,3.71986e-05,-0,0,1,-0,0,1,-0,0,1,1,5.56234e-07,-3.71984e-05,1,5.56234e-07,-3.71984e-05,1,5.56234e-07,-3.71984e-05,-0,0,1,-0,0,1,-0,0,1,-0,0,1,0,1,0,0,1,0,0,1,0,1,-3.78776e-07,-5.57976e-05,1,-3.78776e-07,-5.57976e-05,1,-3.78776e-07,-5.57976e-05,0,1,-0,-1,-1.20088e-06,6.04474e-05,-1,-1.20088e-06,6.04474e-05,-1,-1.20088e-06,6.04474e-05,0,0,1,1,6.00441e-07,-3.25486e-05,1,6.00441e-07,-3.25486e-05,1,6.00441e-07,-3.25486e-05,-9.84546e-08,0,-1,-9.84546e-08,0,-1,-9.84546e-08,0,-1,-0,-2.78117e-07,-1,-0,-2.78117e-07,-1,-0,-2.78117e-07,-1,0,-1,-0,-0,-2.78117e-07,-1,-0,-2.78117e-07,-1,-1,-1.01006e-06,3.71986e-05,-1,-1.01006e-06,3.71986e-05,-1,-1.01006e-06,3.71986e-05,0,2.52517e-07,1,1,5.05025e-07,-3.71984e-05,1,5.05025e-07,-3.71984e-05,1,5.05025e-07,-3.71984e-05,0,0,-1,-1,-1.26259e-07,3.95233e-05,-1,-1.26259e-07,3.95233e-05,-1,-1.26259e-07,3.95233e-05,0,2.52517e-07,1,-0,-2.52517e-07,-1,-0,-2.52517e-07,-1,-0,-2.52517e-07,-1,0,-1,0,-1,-1.11247e-06,-0,-1,-1.11247e-06,-0,-1,-1.11247e-06,-0,0,0,1,1,2.78117e-07,-3.25486e-05,1,2.78117e-07,-3.25486e-05,1,2.78117e-07,-3.25486e-05,-0,1,0,1,1.01006e-06,-3.02238e-05,1,1.01006e-06,-3.02238e-05,1,1.01006e-06,-3.02238e-05],
                "type":"Float32Array"
            }
        },
        "index":{
            "itemSize":1,
            "array":[0,1,2,3,4,5,6,7,8,9,10,11,12,13,14,15,16,17,18,19,1,20,3,21,22,23,10,24,25,26,27,28,19,29,20,30,31,32,23,33,34,25,35,36,37,38,39,40,41,42,43,44,45,46,47,48,49,50,51,45,52,53,54,55,56,51,57,58,59,60,61,62,56,63,64,65,66,67,68,69,70,71,72,73,74,75,69,76,77,75,78,79,80,81,82,83,84,0,2,21,3,5,85,86,87,88,9,11,89,90,91,92,93,94,0,18,1,30,20,21,9,22,10,95,96,97,18,27,19,98,29,30,22,31,23,96,99,100,101,102,103,104,38,40,105,106,107,108,44,46,109,110,111,44,50,45,112,52,54,50,55,51,113,114,115,116,60,62,51,56,64,117,118,119,120,68,70,121,122,123,68,74,69,74,76,75,124,78,80,125,126,127],
            "type":"Uint16Array"
        }
    },
    "metadata":{
        "version":3,
        "type":"BufferGeometry",
        "generator":"io_three",
        "normal":128,
        "position":128
    }
}