{
    "metadata":{
        "normals":8,
        "vertices":16,
        "materials":1,
        "uvs":1,
        "faces":8,
        "type":"Geometry",
        "generator":"io_three",
        "version":3
    },
    "normals":[1e-06,0,-1,1e-06,0,-1,1e-06,0,-1,1e-06,0,-1,1e-06,0,-1,1e-06,0,-1,1e-06,-0,-1,1e-06,0,-1],
    "faces":[43,15,6,2,13,0,0,1,2,3,0,0,0,0,43,12,0,5,14,0,4,5,6,7,1,1,1,1,43,14,5,6,15,0,7,6,1,0,2,2,2,2,43,7,11,9,3,0,8,9,10,11,3,3,3,3,43,1,8,10,4,0,12,13,14,15,4,4,4,4,43,4,10,11,7,0,15,14,9,8,5,5,5,5,43,11,15,13,9,0,9,0,3,10,6,6,6,6,43,8,12,14,10,0,13,4,7,14,7,7,7,7],
    "vertices":[7.26689,-0.170286,6.9895,7.26689,2.82936,6.9895,-6.82784,-0.170287,6.98949,-6.82784,2.82936,6.98949,0.820176,2.82936,6.98949,0.820176,-0.170287,6.98949,-0.6754,-0.170287,6.98949,-0.6754,2.82936,6.98949,7.26689,2.11287,6.9895,-6.82784,2.11286,6.98949,0.820176,2.11286,6.98949,-0.6754,2.11286,6.98949,7.26689,-0.01209,6.9895,-6.82784,-0.012091,6.98949,0.820176,-0.012091,6.98949,-0.6754,-0.012091,6.98949],
    "materials":[{
        "shading":"lambert",
        "depthTest":true,
        "transparent":false,
        "DbgName":"Material.001",
        "DbgIndex":0,
        "visible":true,
        "mapDiffuseRepeat":[1,1],
        "wireframe":false,
        "mapDiffuseWrap":["repeat","repeat"],
        "mapDiffuseAnisotropy":1,
        "colorEmissive":[0,0,0],
        "blending":"NormalBlending",
        "mapDiffuse":"mur.001.jpg",
        "colorDiffuse":[1,1,1],
        "depthWrite":true,
        "doubleSided":true,
        "opacity":1,
        "DbgColor":15658734
    }],
    "uvs":[[0.563493,0.052738,0.563493,0,1,0,1,0.052738,0,0.052738,0,0,0.457385,0,0.457385,0.052738,0.563494,1,0.563494,0.761139,1,0.761139,1,1,0,1,0,0.761139,0.457385,0.761139,0.457385,1]]
}
