{
    "vertices":[-7.27491,-0.219459,7.04626,-7.1926,8.01159,7.04607,-7.27352,-0.219792,-7.29601,-7.19121,8.01126,-7.29619,-7.27391,-0.219697,-3.22985,-7.1916,8.01135,-3.23003,-7.27414,-0.219645,-0.9563,-7.19182,8.0114,-0.956483,-7.22089,5.18225,7.04614,-7.2195,5.18192,-7.29613,-7.2199,5.18201,-3.22997,-7.22012,5.18206,-0.95642,-7.225,4.74021,-7.29612,-7.22539,4.7403,-3.22995,-7.22561,4.74036,-0.956408,-7.22639,4.74054,7.04615],
    "metadata":{
        "type":"Geometry",
        "generator":"io_three",
        "version":3,
        "materials":1,
        "vertices":16,
        "uvs":1,
        "faces":8,
        "normals":8
    },
    "uvs":[[0.34374,0.283509,0,0.283509,0,0,0.34374,0,0.34374,0.44203,0,0.44203,0.34374,1,0,1,0.397406,1,0.397406,0.44203,0.397406,0.283509,0.397406,0,1,0.283509,1,0,1,0.44203,1,1]],
    "faces":[43,10,5,3,9,0,0,1,2,3,0,0,0,0,43,11,7,5,10,0,4,5,1,0,1,1,1,1,43,8,1,7,11,0,6,7,5,4,2,2,2,2,43,15,8,11,14,0,8,6,4,9,3,3,3,3,43,13,10,9,12,0,10,0,3,11,4,4,4,4,43,4,13,12,2,0,12,10,11,13,5,5,5,5,43,6,14,13,4,0,14,9,10,12,6,6,6,6,43,0,15,14,6,0,15,8,9,14,7,7,7,7],
    "materials":[{
      "colorDiffuse":[1,1,1],
      "wireframe":false,
      "mapDiffuse":"Mur1.jpg",
      "colorEmissive":[0,0,0],
      "visible":true,
      "colorDiffuse":[1,1,1],
      "blending":"NormalBlending",
      "DbgIndex":0,
      "depthWrite":true,
      "mapDiffuseWrap":["repeat","repeat"],
      "depthTest":true,
      "shading":"phong",
      "transparent":false,
      "mapDiffuseRepeat":[1,1],
      "doubleSided":false,
      "opacity":1,
      "mapDiffuseAnisotropy":1,
      "DbgColor":15658734,
      "specularCoef":4,
      "colorSpecular":[1,1,1]
    }],
    "normals":[-0.99995,0.009999,-9.7e-05,-0.99995,0.009999,-9.7e-05,-0.99995,0.009999,-9.7e-05,-0.999923,0.012439,-9.7e-05,-0.999923,0.012439,-9.7e-05,-0.999952,0.009782,-9.7e-05,-0.999952,0.009782,-9.7e-05,-0.999952,0.009782,-9.7e-05]
}
