{
    "vertices":[7.2237,-0.219459,7.04626,7.30601,8.01159,7.04607,7.22509,-0.219792,-7.29601,7.30741,8.01126,-7.29619,7.22493,-0.219752,-5.59936,7.30724,8.0113,-5.59954,7.22476,-0.219712,-3.86617,7.30707,8.01134,-3.86635,7.29414,6.8241,7.0461,7.29553,6.82377,-7.29617,7.29537,6.82381,-5.59952,7.2952,6.82385,-3.86632,7.27801,5.07169,-7.29613,7.27785,5.07173,-5.59948,7.27768,5.07177,-3.86628,7.27662,5.07203,7.04614,7.2299,0.260446,-7.29602,7.22973,0.260485,-5.59937,7.22956,0.260525,-3.86618,7.22851,0.260778,7.04624,7.23856,1.26675,7.04622,7.23996,1.26642,-7.29605,7.23979,1.26646,-5.5994,7.23962,1.2665,-3.8662,7.22399,-0.219528,4.0743,7.3063,8.01152,4.07412,7.29443,6.82403,4.07414,7.27691,5.07196,4.07418,7.22879,0.260709,4.07429,7.23885,1.26668,4.07427],
    "metadata":{
        "type":"Geometry",
        "generator":"io_three",
        "version":3,
        "materials":1,
        "vertices":30,
        "uvs":0,
        "faces":18,
        "normals":18
    },
    "uvs":[],
    "faces":[35,10,5,3,9,0,0,0,0,0,35,11,7,5,10,0,1,1,1,1,35,26,25,7,11,0,2,2,2,2,35,27,26,11,14,0,3,3,3,3,35,13,10,9,12,0,4,4,4,4,35,22,13,12,21,0,5,5,5,5,35,23,14,13,22,0,6,6,6,6,35,29,27,14,23,0,7,7,7,7,35,24,28,18,6,0,8,8,8,8,35,6,18,17,4,0,9,9,9,9,35,4,17,16,2,0,10,10,10,10,35,28,29,23,18,0,11,11,11,11,35,18,23,22,17,0,12,12,12,12,35,17,22,21,16,0,13,13,13,13,35,0,19,28,24,0,14,14,14,14,35,20,15,27,29,0,15,15,15,15,35,15,8,26,27,0,16,16,16,16,35,8,1,25,26,0,17,17,17,17],
    "materials":[{
      "colorDiffuse":[1,1,1],
      "wireframe":false,
      "mapDiffuse":"Mur2.jpg",
      "colorEmissive":[0,0,0],
      "visible":true,
      "colorDiffuse":[1,1,1],
      "blending":"NormalBlending",
      "DbgIndex":0,
      "depthWrite":true,
      "mapDiffuseWrap":["repeat","repeat"],
      "depthTest":true,
      "shading":"phong",
      "transparent":false,
      "mapDiffuseRepeat":[1,1],
      "doubleSided":false,
      "opacity":1,
      "mapDiffuseAnisotropy":1,
      "DbgColor":15658734,
      "specularCoef":4,
      "colorSpecular":[1,1,1]
    }],
    "normals":[-0.99995,0.009999,-9.7e-05,-0.99995,0.01,-9.7e-05,-0.99995,0.01,-9.7e-05,-0.99995,0.009999,-9.7e-05,-0.99995,0.009999,-9.7e-05,-0.99995,0.009999,-9.7e-05,-0.99995,0.009999,-9.7e-05,-0.99995,0.01,-9.7e-05,-0.99995,0.009999,-9.7e-05,-0.99995,0.009998,-9.7e-05,-0.99995,0.009998,-9.7e-05,-0.99995,0.009999,-9.7e-05,-0.99995,0.01,-9.7e-05,-0.99995,0.01,-9.7e-05,-0.99995,0.009999,-9.7e-05,-0.99995,0.01,-9.7e-05,-0.99995,0.009999,-9.7e-05,-0.99995,0.009999,-9.7e-05]
}
