{
    "vertices":[7.41358,-0.219452,7.00565,7.41311,8.01159,6.92334,-7.53481,-0.219798,7.05685,-7.53528,8.01125,6.97455,-2.08688,-0.219671,7.03819,-2.08736,8.01137,6.95588,2.0157,-0.219577,7.02414,2.01523,8.01147,6.94183,7.41326,5.45882,6.94886,-7.53513,5.45847,7.00007,-2.08721,5.4586,6.98141,2.01537,5.4587,6.96736,-7.53495,2.2068,7.03259,-2.08702,2.20693,7.01393,2.01556,2.20702,6.99987,7.41344,2.20715,6.98138,-7.53483,0.266488,7.0536,-2.0869,0.266614,7.03494,2.01568,0.26671,7.02088,7.41356,0.266834,7.00239,7.4135,1.31535,6.99189,-7.53489,1.31501,7.0431,-2.08696,1.31513,7.02443,2.01562,1.31523,7.01038,4.53735,-0.219518,7.0155,4.53688,8.01153,6.93319,4.53703,5.45875,6.95872,4.53721,2.20708,6.99123,4.53734,0.266768,7.01225,4.53728,1.31529,7.00174,-6.64079,8.01127,6.97148,-6.64031,-0.219777,7.05379,-6.64064,5.4585,6.99701,-6.64045,2.20682,7.02952,-6.64033,0.266509,7.05054,-6.64039,1.31503,7.04003,-6.28763,-0.219766,7.05227,-6.2881,8.01128,6.96997,-6.28795,5.45851,6.99549,-6.28777,2.20683,7.02801,-6.28765,0.266519,7.04902,-6.2877,1.31504,7.03852,-7.53487,0.994972,7.0463,-2.08694,0.995099,7.02764,2.01564,0.995194,7.01359,4.53729,0.995252,7.00495,-6.64037,0.994993,7.04324,-6.28769,0.995003,7.04172],
    "metadata":{
        "type":"Geometry",
        "generator":"io_three",
        "version":3,
        "materials":1,
        "vertices":48,
        "uvs":1,
        "faces":31,
        "normals":31
    },
    "uvs":[[0.059839,0.68986,0.059839,1,0,0.999999,0,0.68986,0.638899,0.68986,0.638899,1,0.364449,1,0.364449,0.68986,0.80759,0.68986,0.80759,1,0.80759,0.294811,0.638899,0.294811,0.059839,0.29481,0,0.29481,0.059839,0.186464,0,0.186464,0.638898,0.186464,0.364449,0.29481,0.364449,0.186464,0.807589,0.186464,0.80759,0,0.807589,0.059078,0.638898,0.059078,0.638899,0,0.364449,0.059078,0.364449,0,0.059839,0,0.059839,0.059078,0,0.059078,0,0,0.807589,0.147583,0.638898,0.147583,0.364449,0.147583,0.059839,0.147582,0,0.147582,1,1e-06,1,0.059079,1,0.186464,1,0.294811,1,0.689861,1,1,0.083433,0.147583,0.083433,0.186464,0.083433,0.294811,0.083433,0.689861,0.083433,1,0.083433,0.059079,0.083433,1e-06]],
    "faces":[43,32,30,3,9,0,0,1,2,3,0,0,0,0,43,11,7,5,10,0,4,5,6,7,1,1,1,1,43,26,25,7,11,0,8,9,5,4,2,2,2,2,43,27,26,11,14,0,10,8,4,11,3,3,3,3,43,33,32,9,12,0,12,0,3,13,4,4,4,4,43,35,33,12,21,0,14,12,13,15,5,5,5,5,43,23,14,13,22,0,16,11,17,18,6,6,6,6,43,29,27,14,23,0,19,10,11,16,7,7,7,7,43,24,28,18,6,0,20,21,22,23,8,8,8,8,43,6,18,17,4,0,23,22,24,25,9,9,9,9,43,31,34,16,2,0,26,27,28,29,10,10,10,10,43,45,29,23,44,0,30,19,16,31,11,11,11,11,43,44,23,22,43,0,31,16,18,32,12,12,12,12,43,46,35,21,42,0,33,14,15,34,13,13,13,13,43,0,19,28,24,0,35,36,21,20,14,14,14,14,43,20,15,27,29,0,37,38,10,19,15,15,15,15,43,15,8,26,27,0,38,39,8,10,16,16,16,16,43,8,1,25,26,0,39,40,9,8,17,17,17,17,43,47,41,35,46,0,41,42,14,33,18,18,18,18,43,41,39,33,35,0,42,43,12,14,19,19,19,19,43,39,38,32,33,0,43,44,0,12,20,20,20,20,43,38,37,30,32,0,44,45,1,0,21,21,21,21,43,10,5,37,38,0,7,6,45,44,22,22,22,22,43,13,10,38,39,0,17,7,44,43,23,23,23,23,43,22,13,39,41,0,18,17,43,42,24,24,24,24,43,4,17,40,36,0,25,24,46,47,25,25,25,25,43,43,22,41,47,0,32,18,42,41,26,26,26,26,43,17,43,47,40,0,24,32,41,46,27,27,27,27,43,34,46,42,16,0,27,33,34,28,28,28,28,28,43,18,44,43,17,0,22,31,32,24,29,29,29,29,43,28,45,44,18,0,21,30,31,22,30,30,30,30],
    "materials":[{
      "colorDiffuse":[1,1,1],
      "wireframe":false,
      "mapDiffuse":"Mur3.jpg",
      "colorEmissive":[0,0,0],
      "visible":true,
      "colorDiffuse":[1,1,1],
      "blending":"NormalBlending",
      "DbgIndex":0,
      "depthWrite":true,
      "mapDiffuseWrap":["repeat","repeat"],
      "depthTest":true,
      "shading":"phong",
      "transparent":false,
      "mapDiffuseRepeat":[1,1],
      "doubleSided":false,
      "opacity":1,
      "mapDiffuseAnisotropy":1,
      "DbgColor":15658734,
      "specularCoef":4,
      "colorSpecular":[1,1,1]
    }],
    "normals":[0.003425,0.01,0.999944,0.003425,0.009999,0.999944,0.003425,0.009999,0.999944,0.003425,0.009999,0.999944,0.003425,0.009999,0.999944,0.003425,0.01178,0.999925,0.003425,0.01178,0.999925,0.003425,0.01178,0.999925,0.003425,0.00669,0.999972,0.003425,0.00669,0.999972,0.003425,0.006689,0.999972,0.003425,0.01002,0.999944,0.003425,0.01002,0.999944,0.003425,0.01002,0.999944,0.003425,0.00669,0.999972,0.003425,0.01178,0.999925,0.003425,0.009999,0.999944,0.003425,0.009999,0.999944,0.004297,0.01002,0.999941,0.004297,0.01178,0.999921,0.004297,0.009999,0.999941,0.004297,0.01,0.999941,0.003352,0.009999,0.999944,0.003352,0.009999,0.999944,0.003352,0.01178,0.999925,0.003352,0.006689,0.999972,0.003352,0.01002,0.999944,0.003352,0.01002,0.999944,0.003425,0.01002,0.999944,0.003425,0.01002,0.999944,0.003425,0.01002,0.999944]
}
