{
    "vertices":[7.41358,-0.219452,-7.06511,7.41311,8.01159,-7.14742,-7.53481,-0.219798,-7.01391,-7.53528,8.01125,-7.09621,-5.54147,-0.219752,-7.02073,-5.54194,8.01129,-7.10304,-2.96423,-0.219692,-7.02956,-2.96471,8.01135,-7.11187,7.4135,1.24998,-7.07981,-7.53489,1.24963,-7.0286,-5.54155,1.24968,-7.03543,-2.96432,1.24974,-7.04426,7.41336,3.57337,-7.10304,-7.53503,3.57302,-7.05183,-5.54169,3.57307,-7.05866,-2.96445,3.57313,-7.06749,6.28484,-0.219478,-7.06125,6.28437,8.01157,-7.14356,6.28475,1.24995,-7.07594,6.28462,3.57334,-7.09917,5.56513,8.01155,-7.14046,5.56552,1.24993,-7.07284,5.56538,3.57332,-7.09607,5.5656,-0.2195,-7.05815,7.41326,5.39267,-7.12123,-7.53513,5.39232,-7.07003,-5.54179,5.39237,-7.07685,-2.96456,5.39243,-7.08568,6.28452,5.39264,-7.11737,5.56528,5.39262,-7.11427],
    "metadata":{
        "type":"Geometry",
        "generator":"io_three",
        "version":3,
        "materials":1,
        "vertices":30,
        "uvs":1,
        "faces":18,
        "normals":18
    },
    "uvs":[[0.133348,0.681824,0.133348,1,0,1,0,0.681824,0.305757,0.681824,0.305757,1,0.876375,0.681823,0.876375,0.999999,0.876375,0,0.876375,0.178522,0.305757,0.178524,0.305757,1e-06,0.133348,0.178524,0.133348,1e-06,0,0.178524,0,1e-06,0.876375,0.460794,0.305757,0.460795,0.133348,0.460795,0,0.460795,1,0.178524,1,0.460795,0.924491,0.460795,0.924491,0.178524,1,1e-06,0.924491,1e-06,1,0.681824,1,1,0.924491,1,0.924491,0.681824]],
    "faces":[43,26,5,3,25,0,0,1,2,3,0,0,0,0,43,27,7,5,26,0,4,5,1,0,1,1,1,1,43,29,20,7,27,0,6,7,5,4,2,2,2,2,43,23,21,11,6,0,8,9,10,11,3,3,3,3,43,6,11,10,4,0,11,10,12,13,4,4,4,4,43,4,10,9,2,0,13,12,14,15,5,5,5,5,43,21,22,15,11,0,9,16,17,10,6,6,6,6,43,10,14,13,9,0,12,18,19,14,7,7,7,7,43,8,12,19,18,0,20,21,22,23,8,8,8,8,43,0,8,18,16,0,24,20,23,25,9,9,9,9,43,24,1,17,28,0,26,27,28,29,10,10,10,10,43,18,19,22,21,0,23,22,16,9,11,11,11,11,43,16,18,21,23,0,25,23,9,8,12,12,12,12,43,19,28,29,22,0,22,29,6,16,13,13,13,13,43,12,24,28,19,0,21,26,29,22,14,14,14,14,43,22,29,27,15,0,16,6,4,17,15,15,15,15,43,15,27,26,14,0,17,4,0,18,16,16,16,16,43,14,26,25,13,0,18,0,3,19,17,17,17,17],
    "materials":[{
      "colorDiffuse":[1,1,1],
      "wireframe":false,
      "mapDiffuse":"Mur4.jpg",
      "colorEmissive":[0,0,0],
      "visible":true,
      "colorDiffuse":[1,1,1],
      "blending":"NormalBlending",
      "DbgIndex":0,
      "depthWrite":true,
      "mapDiffuseWrap":["repeat","repeat"],
      "depthTest":true,
      "shading":"phong",
      "transparent":false,
      "mapDiffuseRepeat":[1,1],
      "doubleSided":false,
      "opacity":1,
      "mapDiffuseAnisotropy":1,
      "DbgColor":15658734,
      "specularCoef":4,
      "colorSpecular":[1,1,1]
    }],
    "normals":[0.003425,0.009999,0.999944,0.003425,0.009999,0.999944,0.003351,0.009999,0.999944,0.003351,0.009999,0.999944,0.003425,0.01,0.999944,0.003425,0.009999,0.999944,0.003351,0.009999,0.999944,0.003425,0.009999,0.999944,0.003425,0.009999,0.999944,0.003425,0.01,0.999944,0.003425,0.009999,0.999944,0.004311,0.009999,0.999941,0.00431,0.009999,0.999941,0.004311,0.01,0.999941,0.003425,0.009999,0.999944,0.003351,0.009999,0.999944,0.003425,0.009999,0.999944,0.003425,0.009999,0.999944]
}
