{
    "vertices":[-7.3921,-0.062866,7.12291,7.36917,-0.062866,7.12291,-7.3921,-0.062867,-7.15839,7.36917,-0.062867,-7.15839,0.529705,-0.062866,7.12291,0.529705,-0.062867,-7.15839,3.85294,-0.062866,7.12291,3.85294,-0.062867,-7.15839,-7.3921,-0.062867,-2.39151,7.36917,-0.062867,-2.39151,0.529705,-0.062867,-2.39151,3.85294,-0.062867,-2.39151,-7.3921,-0.062866,-1.71552,7.36917,-0.062866,-1.71552,0.529705,-0.062866,-1.71552,3.85294,-0.062866,-1.71552,-6.67087,-0.062867,-7.15839,-6.67087,-0.062866,7.12291,-6.67087,-0.062867,-2.39151,-6.67087,-0.062866,-1.71552,-6.27639,-0.062866,7.12291,-6.27639,-0.062867,-7.15839,-6.27639,-0.062867,-2.39151,-6.27639,-0.062866,-1.71552,-7.3921,-0.062866,6.03637,7.36917,-0.062866,6.03637,0.529705,-0.062866,6.03637,3.85294,-0.062866,6.03637,-6.67087,-0.062866,6.03637,-6.27639,-0.062866,6.03637],
    "metadata":{
        "type":"Geometry",
        "generator":"io_three",
        "version":3,
        "materials":1,
        "vertices":30,
        "uvs":1,
        "faces":18,
        "normals":13
    },
    "uvs":[[0.238206,0.333785,0,0.333785,0,0,0.238206,0,0.924416,0.333785,0.463338,0.333785,0.463338,0,0.924416,0,1,0.923918,0.95114,0.923918,0.95114,0.381119,1,0.381119,0.924416,0.381119,0.463338,0.381119,0.238206,0.381119,0,0.381119,0.238206,0.923918,0,0.923919,0.924416,0.923918,0.463338,0.923918,0.95114,0.333785,1,0.333785,0.95114,0,1,0,0.463338,1,0.238206,1,0.924416,1,0,1,1,1,0.95114,1]],
    "faces":[43,11,9,3,7,0,0,1,2,3,0,0,0,0,43,22,10,5,21,0,4,5,6,7,0,0,0,0,43,10,11,7,5,0,5,0,3,6,0,0,0,0,43,24,28,19,12,0,8,9,10,11,1,1,1,1,43,23,14,10,22,0,12,13,5,4,2,2,2,2,43,15,13,9,11,0,14,15,1,0,3,3,3,3,43,27,25,13,15,0,16,17,15,14,4,4,4,4,43,29,26,14,23,0,18,19,13,12,5,5,5,5,43,26,27,15,14,0,19,16,14,13,6,6,6,6,43,12,19,18,8,0,11,10,20,21,2,2,2,2,43,8,18,16,2,0,21,20,22,23,7,7,7,7,43,28,29,23,19,0,9,18,12,10,8,8,8,8,43,19,23,22,18,0,10,12,4,20,2,2,2,2,43,18,22,21,16,0,20,4,7,22,9,9,9,9,43,4,6,27,26,0,24,25,16,19,10,10,10,10,43,20,4,26,29,0,26,24,19,18,10,10,10,10,43,6,1,25,27,0,25,27,17,16,11,11,11,11,43,0,17,28,24,0,28,29,9,8,12,12,12,12],
    "materials":[{
      "colorDiffuse":[1,1,1],
      "wireframe":false,
      "mapDiffuse":"Sol.jpg",
      "colorEmissive":[0,0,0],
      "visible":true,
      "colorDiffuse":[1,1,1],
      "blending":"NormalBlending",
      "DbgIndex":0,
      "depthWrite":true,
      "mapDiffuseWrap":["repeat","repeat"],
      "depthTest":true,
      "shading":"phong",
      "transparent":false,
      "mapDiffuseRepeat":[1,1],
      "doubleSided":false,
      "opacity":1,
      "mapDiffuseAnisotropy":1,
      "DbgColor":15658734,
      "specularCoef":4,
      "colorSpecular":[1,1,1]
    }],
    "normals":[0,1,-0,-0,1,-0,0,1,-0,0,1,-0,0,1,-0,0,1,-0,0,1,-0,0,1,-0,0,1,-0,0,1,-0,0,1,-0,0,1,-0,-0,1,-0]
}
