{
    "vertices":[-7.3921,7.94172,7.12291,7.36917,7.94172,7.12291,-7.3921,7.94172,-7.15839,7.36917,7.94172,-7.15839,4.44175,7.94172,7.12291,4.44175,7.94172,-7.15839,1.35992,7.94172,-7.15839,1.35992,7.94172,7.12291,-7.3921,7.94172,-1.69785,7.36917,7.94172,-1.69785,4.44175,7.94172,-1.69785,1.35992,7.94172,-1.69785,-7.3921,7.94172,1.41915,7.36917,7.94172,1.41915,4.44175,7.94172,1.41915,1.35992,7.94172,1.41915,7.36917,7.94172,-4.60469,4.44175,7.94172,-4.60469,1.35992,7.94172,-4.60469,-7.3921,7.94172,-4.60469,-7.3921,7.94172,-4.26271,7.36917,7.94172,-4.26271,4.44175,7.94172,-4.26271,1.35992,7.94172,-4.26271,-3.01609,7.94172,-7.15839,-3.01609,7.94172,7.12291,-3.01609,7.94172,-1.69785,-3.01609,7.94172,1.41915,-3.01609,7.94172,-4.60469,-3.01609,7.94172,-4.26271,-4.65208,7.94172,-7.15839,-4.65208,7.94172,-1.69785,-4.65208,7.94172,1.41915,-4.65208,7.94172,-4.60469,-4.65208,7.94172,-4.26271,-4.65208,7.94172,7.12291,-7.3921,7.94172,4.44879,7.36917,7.94172,4.44879,4.44175,7.94172,4.44879,1.35992,7.94172,4.44879,-3.01609,7.94172,4.44879,-4.65208,7.94172,4.44879,7.36917,7.94172,3.47137,4.44175,7.94172,3.47137,1.35992,7.94172,3.47137,-3.01609,7.94172,3.47137,-4.65208,7.94172,3.47137,-7.3921,7.94172,3.47137,-1.5956,7.94172,7.12291,-1.5956,7.94172,-7.15839,-1.5956,7.94172,-1.69785,-1.5956,7.94172,1.41915,-1.5956,7.94172,-4.60469,-1.5956,7.94172,-4.26271,-1.5956,7.94172,4.44879,-1.5956,7.94172,3.47137,3.78231,7.94172,7.12291,3.78231,7.94172,1.41915,3.78231,7.94172,4.44879,3.78231,7.94172,3.47137,7.36917,7.94172,-5.27074,4.44175,7.94172,-5.27074,1.35992,7.94172,-5.27074,-7.3921,7.94172,-5.27074,-3.01609,7.94172,-5.27074,-4.65208,7.94172,-5.27074,-1.5956,7.94172,-5.27074,5.5502,7.94172,7.12291,5.5502,7.94172,-7.15839,5.5502,7.94172,-1.69785,5.5502,7.94172,1.41915,5.5502,7.94172,-4.60469,5.5502,7.94172,-4.26271,5.5502,7.94172,4.44879,5.5502,7.94172,3.47137,5.5502,7.94172,-5.27074,6.284,7.94172,7.12291,6.284,7.94172,-7.15839,6.284,7.94172,-1.69785,6.284,7.94172,1.41915,6.284,7.94172,-4.60469,6.284,7.94172,-4.26271,6.284,7.94172,4.44879,6.284,7.94172,3.47137,6.284,7.94172,-5.27074],
    "metadata":{
        "type":"Geometry",
        "generator":"io_three",
        "version":3,
        "materials":1,
        "vertices":85,
        "uvs":1,
        "faces":62,
        "normals":7
    },
    "uvs":[[0.132177,0.926486,0.132177,1,0,1,0,0.926486,0.132177,0.592904,0.132177,0.801683,0,0.801683,0,0.592904,0.132177,0.392683,0,0.392683,0.600614,0.392683,0.600614,0.592904,0.382356,0.592904,0.382356,0.392683,0.600614,0.926486,0.600614,1,0.382356,1,0.382356,0.926486,0.744313,0.926486,0.744313,1,0.744313,0.757008,0.744313,0.801683,0.600614,0.801683,0.600614,0.757008,0.744313,0.392683,0.744313,0.592904,0.202761,0.392683,0.202761,0.592904,0.178815,0.592904,0.178815,0.392683,0.202761,0.801683,0.178815,0.801683,0.202761,0.926486,0.202761,1,0.178815,1,0.178815,0.926486,0.382356,0.801683,0.382356,0.185622,0.382356,0.296452,0.202761,0.296452,0.202761,0.185622,1,0,1,0.185622,0.812754,0.185622,0.812754,0,0.744313,0.185622,0.744313,0.296452,0.600614,0.296452,0.600614,0.185622,0.132177,0.185622,0.132177,0.296452,0,0.296452,0,0.185622,0.132177,0,0,0,0.600614,0,0.382356,0,0.744313,0,0.202761,0,0.178815,0.185622,0.178814,0,1,0.296452,0.812754,0.296452,1,0.392683,1,0.592904,0.812754,0.592904,0.812754,0.392683,1,0.757008,1,0.801683,0.812754,0.801683,0.812754,0.757008,1,0.926485,1,1,0.812754,1,0.812754,0.926486,0.178815,0.296452,0.178815,0.876774,0.132177,0.876774,0.812754,0.876774,0.744313,0.876774,1,0.876774,0.382356,0.876774,0.202761,0.876774,0.600614,0.876774,0,0.876774]],
    "faces":[43,84,60,3,77,0,0,1,2,3,0,0,0,0,43,62,61,5,6,0,4,5,6,7,0,0,0,0,43,66,62,6,49,0,8,4,7,9,0,0,0,0,43,51,15,11,50,0,10,11,12,13,1,1,1,1,43,79,13,9,78,0,14,15,16,17,1,1,1,1,43,83,42,13,79,0,18,19,15,14,1,1,1,1,43,59,43,14,57,0,20,21,22,23,1,1,1,1,43,55,44,15,51,0,24,25,11,10,1,1,1,1,43,53,23,18,52,0,26,27,28,29,1,1,1,1,43,23,22,17,18,0,27,30,31,28,1,1,1,1,43,81,21,16,80,0,32,33,34,35,1,1,1,1,43,78,9,21,81,0,17,16,33,32,1,1,1,1,43,11,10,22,23,0,12,36,30,27,2,2,2,2,43,50,11,23,53,0,13,12,27,26,2,2,2,2,43,31,26,29,34,0,37,38,39,40,1,1,1,1,43,0,35,41,36,0,41,42,43,44,3,3,3,3,43,46,45,27,32,0,45,46,47,48,1,1,1,1,43,32,27,26,31,0,48,47,38,37,1,1,1,1,43,65,64,24,30,0,49,50,51,52,4,4,4,4,43,63,65,30,2,0,53,49,52,54,0,0,0,0,43,12,32,31,8,0,55,48,37,56,1,1,1,1,43,47,46,32,12,0,57,45,48,55,1,1,1,1,43,20,34,33,19,0,58,40,59,60,1,1,1,1,43,8,31,34,20,0,56,37,40,58,1,1,1,1,43,35,25,40,41,0,42,61,62,43,3,3,3,3,43,48,7,39,54,0,63,64,65,66,3,3,3,3,43,56,4,38,58,0,67,68,69,70,5,5,5,5,43,76,1,37,82,0,71,72,73,74,3,3,3,3,43,36,41,46,47,0,44,43,45,57,1,1,1,1,43,41,40,45,46,0,43,62,46,45,1,1,1,1,43,19,33,65,63,0,60,59,49,53,1,1,1,1,43,58,38,43,59,0,70,69,21,20,1,1,1,1,43,82,37,42,83,0,74,73,19,18,1,1,1,1,43,40,54,55,45,0,62,66,24,46,1,1,1,1,43,25,48,54,40,0,61,63,66,62,6,6,6,6,43,26,50,53,29,0,38,13,26,39,1,1,1,1,43,29,53,52,28,0,39,26,29,75,1,1,1,1,43,45,55,51,27,0,46,24,10,47,1,1,1,1,43,27,51,50,26,0,47,10,13,38,1,1,1,1,43,64,66,49,24,0,50,8,9,51,0,0,0,0,43,28,52,66,64,0,75,29,8,50,1,1,1,1,43,7,56,58,39,0,64,67,70,65,5,5,5,5,43,44,59,57,15,0,25,20,23,11,1,1,1,1,43,33,28,64,65,0,59,75,50,49,1,1,1,1,43,52,18,62,66,0,29,28,4,8,1,1,1,1,43,18,17,61,62,0,28,31,5,4,1,1,1,1,43,80,16,60,84,0,35,34,1,0,1,1,1,1,43,17,71,75,61,0,31,76,77,5,1,1,1,1,43,38,73,74,43,0,69,78,79,21,1,1,1,1,43,4,67,73,38,0,68,80,78,69,3,3,3,3,43,10,69,72,22,0,36,81,82,30,1,1,1,1,43,22,72,71,17,0,30,82,76,31,1,1,1,1,43,43,74,70,14,0,21,79,83,22,1,1,1,1,43,14,70,69,10,0,22,83,81,36,1,1,1,1,43,61,75,68,5,0,5,77,84,6,0,0,0,0,43,71,80,84,75,0,76,35,0,77,1,1,1,1,43,73,82,83,74,0,78,74,18,79,1,1,1,1,43,67,76,82,73,0,80,71,74,78,3,3,3,3,43,69,78,81,72,0,81,17,32,82,1,1,1,1,43,72,81,80,71,0,82,32,35,76,1,1,1,1,43,74,83,79,70,0,79,18,14,83,1,1,1,1,43,70,79,78,69,0,83,14,17,81,1,1,1,1],
    "materials":[{
      "colorDiffuse":[1,1,1],
      "wireframe":false,
      "mapDiffuse":"Toit.jpg",
      "colorEmissive":[0,0,0],
      "visible":true,
      "colorDiffuse":[1,1,1],
      "blending":"NormalBlending",
      "DbgIndex":0,
      "depthWrite":true,
      "mapDiffuseWrap":["repeat","repeat"],
      "depthTest":true,
      "shading":"phong",
      "transparent":false,
      "mapDiffuseRepeat":[1,1],
      "doubleSided":false,
      "opacity":1,
      "mapDiffuseAnisotropy":1,
      "DbgColor":15658734,
      "specularCoef":4,
      "colorSpecular":[1,1,1]
    }],
    "normals":[0,1,-0,0,1,-0,0,1,-0,0,1,-0,0,1,-0,0,1,-0,0,1,-0]
}
