{
    "vertices":[6.99041,-0.220206,7.64725,6.99041,4.23776,7.64725,-7.05955,-0.220207,7.64725,-7.05955,4.23776,7.64725,0.773519,4.23776,7.64725,0.77352,-0.220207,7.64725,-0.934242,-0.220207,7.64725,-0.934242,4.23776,7.64725,6.99041,2.20443,7.64725,-7.05955,2.20442,7.64725,0.773519,2.20443,7.64725,-0.934242,2.20443,7.64725],
    "normals":[0,0,-1,0,0,-1,0,-0,-1,0,-0,-1,0,0,-1],
    "uvs":[[0.5,0.75,1,0.75,1,1,0.5,1,0.5,0,1,0,1,0.5,0.5,0.5,0,0.5,0,0.75,0,0,0,1]],
    "faces":[43,11,6,2,9,0,0,1,2,3,0,0,0,0,43,8,0,5,10,0,4,5,6,7,1,1,1,1,43,4,10,11,7,0,8,7,0,9,2,2,2,2,43,1,8,10,4,0,10,4,7,8,3,3,3,3,43,7,11,9,3,0,9,0,3,11,4,4,4,4],
    "metadata":{
        "normals":5,
        "version":3,
        "faces":5,
        "generator":"io_three",
        "vertices":12,
        "uvs":1,
        "materials":1,
        "type":"Geometry"
    },
    "materials":[{
        "DbgColor":15658734,
        "mapDiffuse":"MurPorteText.jpg",
        "doubleSided":true,
        "visible":true,
        "colorDiffuse":[1,1,1],
        "blending":"NormalBlending",
        "transparent":false,
        "depthWrite":true,
        "mapDiffuseAnisotropy":1,
        "opacity":1,
        "DbgName":"Material.008",
        "mapDiffuseWrap":["repeat","repeat"],
        "wireframe":false,
        "DbgIndex":0,
        "mapDiffuseRepeat":[1,1],
        "shading":"phong",
        "depthTest":true,
        "colorEmissive":[0,0,0],
        "specularCoef":2,
        "colorSpecular":[0.8,0.8,0.8]
    }]
}
