{
    "vertices":[-0.598169,-0.146006,-1.90378,0.04595,-0.145448,-1.90396,0.04595,-0.173137,-1.90396,-0.598169,-0.172207,-1.90378,0.04423,-0.173137,-1.70167,-0.599611,-0.172207,-1.73052,-2.32986,-0.173137,-1.92397,-2.33158,-0.173137,-1.72163,-2.33158,-0.147076,-1.72163,-2.33154,-0.139119,-1.72549,-2.32991,-0.139119,-1.9209,-2.32986,-0.145448,-1.92397,-1.27673,-0.171229,-1.72428,-1.27673,-0.1481,-1.72428,-1.27524,-0.171229,-1.90359,-1.27524,-0.146658,-1.90359,-1.27524,-0.141027,-1.90084,-1.27673,-0.141027,-1.72768,-0.599611,-0.147542,-1.73052,0.04423,-0.147076,-1.70167,-0.599566,-0.140049,-1.73419,0.044277,-0.139119,-1.70548,0.045904,-0.139119,-1.90094,-0.598169,-0.140049,-1.90089,0.045904,-0.139119,-1.90094,0.045904,-0.139119,-1.90094,-0.598169,-0.140049,-1.90089,-2.33158,-0.147076,-1.72163,-2.33158,-0.147076,-1.72163,-2.33154,-0.139119,-1.72549,-2.33154,-0.139119,-1.72549,-2.32986,-0.173137,-1.92397,-2.32986,-0.173137,-1.92397,-1.27524,-0.171229,-1.90359,-1.27524,-0.141027,-1.90084,-1.27673,-0.141027,-1.72768,0.04595,-0.173137,-1.90396,0.04595,-0.173137,-1.90396,-0.598169,-0.172207,-1.90378,-1.27673,-0.1481,-1.72428,-2.32991,-0.139119,-1.9209,-2.32991,-0.139119,-1.9209,-2.32986,-0.145448,-1.92397,-2.32986,-0.145448,-1.92397,-0.598169,-0.146006,-1.90378,-1.27524,-0.146658,-1.90359,0.044277,-0.139119,-1.70548,0.044277,-0.139119,-1.70548,0.04423,-0.173137,-1.70167,0.04423,-0.173137,-1.70167,-0.599611,-0.172207,-1.73052,0.04423,-0.147076,-1.70167,0.04423,-0.147076,-1.70167,-0.599611,-0.147542,-1.73052,0.04595,-0.145448,-1.90396,0.04595,-0.145448,-1.90396,-2.33158,-0.173137,-1.72163,-2.33158,-0.173137,-1.72163,-1.27673,-0.171229,-1.72428,-0.599566,-0.140049,-1.73419],
    "normals":[-0.000275,0,-0.999969,-0.000275,0,-1,-0.001434,-0.999969,0,-0.999939,-0.000458,-0.008423,-0.999939,0.000397,-0.008545,-0.999939,0.000305,-0.008545,-0.999939,-0.00058,-0.008423,0.002503,0,0.999969,0.00586,0,0.999969,0.001801,-0.999969,0,0.000183,-1,0,0.019318,0,-0.999786,0.009522,0,-0.999939,0.017884,0.437391,-0.899075,0.008576,0.437239,-0.899289,0.008606,0.437239,-0.899289,0.001801,0.999969,0,0.000183,1,0,0.002655,0.434858,0.900479,0.00531,0.435804,0.899991,-0.017792,0,0.999817,-0.04474,0,0.998993,-0.001434,0.999969,0,0.999939,0.000122,0.008454,0.999939,0,0.008484,0.999939,0.000305,0.008393,-0.040651,0.43614,0.898923,-0.016327,0.436567,0.899503,-0.016358,0.436567,0.899503,-0.000641,0.433546,-0.90112,-0.000671,0.435316,-0.900266],
    "uvs":[[0.2847,0.8131,0.0191,0.8131,0.0191,0.7565,0.2847,0.7565,0.7174,0.2181,0.9708,0.2181,0.9708,0.4581,0.7174,0.4581,0.1233,0.0307,0.3254,0.0307,0.3254,0.1015,0.3215,0.1231,0.1263,0.1231,0.1233,0.1059,0.0108,0.5082,0.4458,0.5082,0.4458,0.5629,0.0108,0.5629,0.0358,0.2181,0.4509,0.2181,0.4509,0.4581,0.0358,0.4581,0.9888,0.8131,0.564,0.8131,0.564,0.7565,0.9888,0.7565,0.9888,0.8328,0.5777,0.8328,0.0191,0.2267,0.4441,0.2267,0.4441,0.461,0.0191,0.461,0.0108,0.5796,0.4458,0.5796,0.725,0.5629,0.725,0.5082,0.9906,0.5082,0.9906,0.5629,0.7168,0.2267,0.9763,0.2267,0.9763,0.461,0.7168,0.461,0.3423,0.0991,0.3423,0.0416,0.5619,0.0416,0.5619,0.1027,0.5585,0.1166,0.3464,0.1166,0.9906,0.5796,0.725,0.5796,0.2848,0.8328,0.0191,0.8328]],
    "faces":[43,44,54,36,38,0,0,1,2,3,0,0,0,1,43,3,37,48,50,0,4,5,6,7,2,2,2,2,43,32,57,27,29,0,8,9,10,11,3,4,4,5,43,32,29,40,42,0,8,11,12,13,3,5,6,6,43,56,12,39,28,0,14,15,16,17,7,8,8,7,43,31,33,58,7,0,18,19,20,21,9,10,10,9,43,43,45,14,6,0,22,23,24,25,11,12,12,11,43,11,41,34,15,0,22,26,27,23,13,13,14,15,43,30,35,16,10,0,28,29,30,31,16,17,17,16,43,9,8,13,17,0,32,17,16,33,18,18,19,19,43,33,3,50,58,0,19,4,7,20,10,2,2,10,43,45,44,38,14,0,23,0,3,24,12,0,1,12,43,18,5,49,51,0,34,35,36,37,20,20,21,21,43,20,46,24,26,0,38,39,40,41,22,22,22,22,43,52,4,2,55,0,42,43,44,45,23,24,24,23,43,52,55,25,47,0,42,45,46,47,23,23,25,25,43,21,59,53,19,0,48,49,34,37,26,27,28,26,43,1,0,23,22,0,1,0,50,51,29,30,30,29,43,39,12,5,18,0,16,15,35,34,8,8,20,20,43,0,15,34,23,0,0,23,27,50,30,15,14,30,43,16,35,20,26,0,30,29,38,41,17,17,22,22,43,17,13,53,59,0,33,16,34,49,19,19,28,27],
    "metadata":{
        "normals":31,
        "version":3,
        "faces":22,
        "generator":"io_three",
        "vertices":60,
        "uvs":1,
        "materials":1,
        "type":"Geometry"
    },
    "materials":[{
        "DbgColor":15658734,
        "mapDiffuse":"Planche4Text.jpg",
        "doubleSided":false,
        "visible":true,
        "colorDiffuse":[1,1,1],
        "blending":"NormalBlending",
        "transparent":false,
        "depthWrite":true,
        "mapDiffuseAnisotropy":1,
        "opacity":1,
        "DbgName":"15___Default.002",
        "mapDiffuseWrap":["repeat","repeat"],
        "wireframe":false,
        "DbgIndex":0,
        "mapDiffuseRepeat":[1,1],
        "shading":"lambert",
        "depthTest":true,
        "colorEmissive":[0,0,0]
    }]
}
